<?xml version="1.0" encoding="utf-8"?>
<Orders>
  <order>
    <ClientName>REICHHOLD</ClientName>
    <CMCWarehouse>CT</CMCWarehouse>
    <OrderDate>2015-08-24 00:00:00.0</OrderDate>
    <ClientOrderID>17886</ClientOrderID>
    <CompanyName></CompanyName>
    <FirstName>Shi</FirstName>
    <LastName>Yang</LastName>
    <Email>shi.yang@reichhold.com</Email>
    <Phone>919-990-8257</Phone>
    <Street>1035 Swabia Ct.</Street>
    <Street2></Street2>
    <Street3></Street3>
    <City>Durham</City>
    <State>NC</State>
    <Zip>27703</Zip>
    <Country>USA</Country>
    <Carrier>STANDARD</Carrier>
    <Comments>Notes: Need Urotuf F78-M-50 batch# 828814.</Comments>
    <Requestor>Shi Yang</Requestor>
    <RequestorEmail>shi.yang@reichhold.com</RequestorEmail>
    <SalesRep>Scott Cooley</SalesRep>
    <SalesEmail>scott.cooley@reichhold.com</SalesEmail>
    <Distributor></Distributor>
    <ItemNumber>181266</ItemNumber>
    <ItemName>UROTUF F78-M-50</ItemName>
    <Quantity>1</Quantity>
    <Size>QT</Size>
    <ItemNote></ItemNote>
  </order>
</Orders>